date,price
1/1/11,0.3
1/2/11,0.3
1/3/11,0.3
1/4/11,0.3
1/5/11,0.3
1/6/11,0.3
1/7/11,0.3
1/8/11,0.3
1/9/11,0.3
1/10/11,0.3
1/11/11,0.3
1/12/11,0.3
1/13/11,0.3
1/14/11,0.4
1/15/11,0.4
1/16/11,0.4
1/17/11,0.3
1/18/11,0.3
1/19/11,0.3
1/20/11,0.4
1/21/11,0.4
1/22/11,0.4
1/23/11,0.4
1/24/11,0.4
1/25/11,0.4
1/26/11,0.4
1/27/11,0.4
1/28/11,0.4
1/29/11,0.4
1/30/11,0.5
1/31/11,0.5
2/1/11,0.7
2/2/11,0.7
2/3/11,0.7
2/4/11,0.8
2/5/11,0.9
2/6/11,0.9
2/7/11,0.9
2/8/11,0.9
2/9/11,1.1
2/10/11,1
2/11/11,1.1
2/12/11,1.1
2/13/11,1
2/14/11,1.1
2/15/11,1
2/16/11,1
2/17/11,1
2/18/11,0.9
2/19/11,0.9
2/20/11,0.9
2/21/11,0.8
2/22/11,0.9
2/23/11,0.9
2/24/11,1
2/25/11,0.9
2/26/11,1
2/27/11,0.9
2/28/11,0.9
3/1/11,0.9
3/2/11,0.9
3/3/11,0.9
3/4/11,0.9
3/5/11,0.9
3/6/11,0.9
3/7/11,0.9
3/8/11,0.9
3/9/11,0.9
3/10/11,0.9
3/11/11,0.9
3/12/11,0.9
3/13/11,0.9
3/14/11,0.9
3/15/11,0.9
3/16/11,0.9
3/17/11,0.8
3/18/11,0.8
3/19/11,0.8
3/20/11,0.7
3/21/11,0.8
3/22/11,0.8
3/23/11,0.8
3/24/11,0.9
3/25/11,0.9
3/26/11,0.9
3/27/11,0.8
3/28/11,0.8
3/29/11,0.8
3/30/11,0.8
3/31/11,0.8
4/1/11,0.8
4/2/11,0.8
4/3/11,0.8
4/4/11,0.7
4/5/11,0.7
4/6/11,0.7
4/7/11,0.8
4/8/11,0.8
4/9/11,0.7
4/10/11,0.7
4/11/11,0.8
4/12/11,0.9
4/13/11,0.9
4/14/11,1
4/15/11,1
4/16/11,1
4/17/11,1.1
4/18/11,1.2
4/19/11,1.2
4/20/11,1.1
4/21/11,1.2
4/22/11,1.4
4/23/11,1.7
4/24/11,1.6
4/25/11,1.6
4/26/11,1.8
4/27/11,1.9
4/28/11,2.2
4/29/11,2.9
4/30/11,3.5
5/1/11,3
5/2/11,3.2
5/3/11,3.4
5/4/11,3.4
5/5/11,3.3
5/6/11,3.5
5/7/11,3.6
5/8/11,3.9
5/9/11,3.8
5/10/11,5.8
5/11/11,5.5
5/12/11,6.3
5/13/11,8.2
5/14/11,7.2
5/15/11,7
5/16/11,8
5/17/11,7.2
5/18/11,6.9
5/19/11,6.8
5/20/11,5.6
5/21/11,6.1
5/22/11,6.7
5/23/11,7.2
5/24/11,7.4
5/25/11,8.4
5/26/11,8.8
5/27/11,8.5
5/28/11,8.3
5/29/11,8.4
5/30/11,8.8
5/31/11,8.7
6/1/11,9.6
6/2/11,10.6
6/3/11,14.3
6/4/11,18.9
6/5/11,16.7
6/6/11,18.5
6/7/11,23.9
6/8/11,29.6
6/9/11,28.9
6/10/11,24
6/11/11,14.6
6/12/11,18.5
6/13/11,19.8
6/14/11,19.3
6/15/11,19.5
6/16/11,17
6/17/11,15.7
6/18/11,16.9
6/19/11,17.5
6/20/11,17.5
6/21/11,17.5
6/22/11,17.5
6/23/11,17.5
6/24/11,17.5
6/25/11,17.5
6/26/11,16.5
6/27/11,16.8
6/28/11,17
6/29/11,16.9
6/30/11,16.1
7/1/11,15.4
7/2/11,15.4
7/3/11,15.4
7/4/11,13.9
7/5/11,12.9
7/6/11,14.8
7/7/11,14.8
7/8/11,14.3
7/9/11,14.4
7/10/11,14.9
7/11/11,14.2
7/12/11,14
7/13/11,13.9
7/14/11,14
7/15/11,13.8
7/16/11,13.7
7/17/11,13.2
7/18/11,13.5
7/19/11,13.9
7/20/11,13.7
7/21/11,13.6
7/22/11,13.7
7/23/11,13.7
7/24/11,14
7/25/11,14.1
7/26/11,13.9
7/27/11,13.9
7/28/11,13.5
7/29/11,13.5
7/30/11,13.5
7/31/11,13.4
8/1/11,13.1
8/2/11,12.1
8/3/11,9.3
8/4/11,10.8
8/5/11,9.8
8/6/11,6.6
8/7/11,7.9
8/8/11,7.8
8/9/11,10
8/10/11,10
8/11/11,9.5
8/12/11,9.5
8/13/11,10.1
8/14/11,10.8
8/15/11,11.1
8/16/11,11
8/17/11,10.9
8/18/11,10.8
8/19/11,11.6
8/20/11,11.4
8/21/11,11.3
8/22/11,10.9
8/23/11,10.9
8/24/11,10.9
8/25/11,9.7
8/26/11,8.2
8/27/11,8.6
8/28/11,9.1
8/29/11,9
8/30/11,8.8
8/31/11,8.2
9/1/11,8.2
9/2/11,8.6
9/3/11,8.5
9/4/11,8.2
9/5/11,7.6
9/6/11,6.9
9/7/11,7.2
9/8/11,6.5
9/9/11,5
9/10/11,4.8
9/11/11,5.9
9/12/11,6.1
9/13/11,5.8
9/14/11,5.6
9/15/11,4.8
9/16/11,4.8
9/17/11,4.8
9/18/11,5.2
9/19/11,5.5
9/20/11,6.1
9/21/11,5.6
9/22/11,5.4
9/23/11,5.6
9/24/11,5.5
9/25/11,5.3
9/26/11,4.9
9/27/11,4.9
9/28/11,4.8
9/29/11,4.8
9/30/11,5.1
10/1/11,5
10/2/11,5
10/3/11,5
10/4/11,5
10/5/11,4.9
10/6/11,4.7
10/7/11,4.3
10/8/11,4
10/9/11,4.1
10/10/11,4.1
10/11/11,3.9
10/12/11,4.2
10/13/11,4.1
10/14/11,4
10/15/11,3.8
10/16/11,3.6
10/17/11,2.6
10/18/11,2.4
10/19/11,2.3
10/20/11,2.3
10/21/11,2.6
10/22/11,3.2
10/23/11,3.2
10/24/11,2.5
10/25/11,2.8
10/26/11,2.8
10/27/11,3
10/28/11,3.2
10/29/11,3.6
10/30/11,3.3
10/31/11,3.3
11/1/11,3.2
11/2/11,3.3
11/3/11,3.2
11/4/11,3.1
11/5/11,3
11/6/11,3
11/7/11,3
11/8/11,3
11/9/11,3
11/10/11,2.8
11/11/11,3.1
11/12/11,3
11/13/11,3
11/14/11,2.2
11/15/11,2.3
11/16/11,2.6
11/17/11,2.3
11/18/11,2
11/19/11,2.2
11/20/11,2.2
11/21/11,2.3
11/22/11,2.3
11/23/11,2.3
11/24/11,2.4
11/25/11,2.5
11/26/11,2.5
11/27/11,2.5
11/28/11,2.5
11/29/11,2.8
11/30/11,3
12/1/11,3.1
12/2/11,3.1
12/3/11,2.8
12/4/11,2.8
12/5/11,2.9
12/6/11,3
12/7/11,3
12/8/11,3
12/9/11,3
12/10/11,3
12/11/11,3.3
12/12/11,3.1
12/13/11,3.3
12/14/11,3.2
12/15/11,3.2
12/16/11,3.2
12/17/11,3.2
12/18/11,3.2
12/19/11,3.5
12/20/11,4
12/21/11,3.9
12/22/11,3.9
12/23/11,4
12/24/11,3.9
12/25/11,4.2
12/26/11,4
12/27/11,4.1
12/28/11,4.2
12/29/11,4.2
12/30/11,4.3
12/31/11,4.7
1/1/12,5.3
1/2/12,5.2
1/3/12,4.9
1/4/12,5.6
1/5/12,6.9
1/6/12,6.7
1/7/12,6.8
1/8/12,7.1
1/9/12,6.3
1/10/12,6.4
1/11/12,6.9
1/12/12,6.8
1/13/12,6.4
1/14/12,6.8
1/15/12,7
1/16/12,6.7
1/17/12,5.6
1/18/12,5.9
1/19/12,6.4
1/20/12,6.5
1/21/12,6.2
1/22/12,6.3
1/23/12,6.4
1/24/12,6.3
1/25/12,5.8
1/26/12,5.3
1/27/12,5.3
1/28/12,5.6
1/29/12,5.4
1/30/12,5.5
1/31/12,5.5
2/1/12,6.1
2/2/12,6.1
2/3/12,6
2/4/12,5.9
2/5/12,5.7
2/6/12,5.4
2/7/12,5.7
2/8/12,5.6
2/9/12,5.8
2/10/12,5.9
2/11/12,5.6
2/12/12,5.5
2/13/12,5.3
2/14/12,4.5
2/15/12,4.3
2/16/12,4.3
2/17/12,4.4
2/18/12,4.2
2/19/12,4.4
2/20/12,4.4
2/21/12,4.3
2/22/12,4.4
2/23/12,5
2/24/12,5
2/25/12,4.8
2/26/12,4.9
2/27/12,5
2/28/12,4.9
2/29/12,4.9
3/1/12,4.9
3/2/12,4.7
3/3/12,4.6
3/4/12,4.8
3/5/12,5
3/6/12,5
3/7/12,4.9
3/8/12,4.9
3/9/12,4.9
3/10/12,4.8
3/11/12,4.9
3/12/12,4.9
3/13/12,5.3
3/14/12,5.4
3/15/12,5.3
3/16/12,5.3
3/17/12,5.2
3/18/12,5.3
3/19/12,4.7
3/20/12,4.8
3/21/12,4.8
3/22/12,4.7
3/23/12,4.7
3/24/12,4.7
3/25/12,4.6
3/26/12,4.6
3/27/12,4.8
3/28/12,4.8
3/29/12,4.8
3/30/12,4.9
3/31/12,4.9
4/1/12,4.8
4/2/12,5
4/3/12,4.9
4/4/12,4.9
4/5/12,4.9
4/6/12,4.9
4/7/12,4.7
4/8/12,4.8
4/9/12,4.9
4/10/12,4.8
4/11/12,4.9
4/12/12,4.9
4/13/12,4.9
4/14/12,5
4/15/12,5
4/16/12,4.9
4/17/12,5
4/18/12,5.1
4/19/12,5.1
4/20/12,5.3
4/21/12,5.3
4/22/12,5.2
4/23/12,5
4/24/12,5.1
4/25/12,5.1
4/26/12,5.1
4/27/12,5.1
4/28/12,5
4/29/12,4.9
4/30/12,4.9
5/1/12,5
5/2/12,5.1
5/3/12,5.1
5/4/12,5.1
5/5/12,5.1
5/6/12,5.1
5/7/12,5.1
5/8/12,5.1
5/9/12,5
5/10/12,4.8
5/11/12,5
5/12/12,4.9
5/13/12,4.9
5/14/12,5
5/15/12,5
5/16/12,5.1
5/17/12,5.1
5/18/12,5.1
5/19/12,5.1
5/20/12,5.1
5/21/12,5.1
5/22/12,5.1
5/23/12,5.1
5/24/12,5.1
5/25/12,5.2
5/26/12,5.1
5/27/12,5.1
5/28/12,5.1
5/29/12,5.2
5/30/12,5.1
5/31/12,5.2
6/1/12,5.3
6/2/12,5.3
6/3/12,5.2
6/4/12,5.3
6/5/12,5.4
6/6/12,5.5
6/7/12,5.6
6/8/12,5.6
6/9/12,5.6
6/10/12,5.5
6/11/12,5.6
6/12/12,5.7
6/13/12,5.9
6/14/12,5.9
6/15/12,6.5
6/16/12,6.4
6/17/12,6.2
6/18/12,6.3
6/19/12,6.5
6/20/12,6.7
6/21/12,6.7
6/22/12,6.6
6/23/12,6.4
6/24/12,6.3
6/25/12,6.3
6/26/12,6.4
6/27/12,6.7
6/28/12,6.6
6/29/12,6.7
6/30/12,6.7
7/1/12,6.6
7/2/12,6.8
7/3/12,6.4
7/4/12,6.5
7/5/12,6.7
7/6/12,6.7
7/7/12,6.8
7/8/12,6.8
7/9/12,7
7/10/12,7.2
7/11/12,7.2
7/12/12,7.8
7/13/12,7.7
7/14/12,7.5
7/15/12,7.6
7/16/12,8.5
7/17/12,8.8
7/18/12,9.1
7/19/12,8.9
7/20/12,8.5
7/21/12,8.9
7/22/12,8.4
7/23/12,8.4
7/24/12,8.6
7/25/12,8.8
7/26/12,8.9
7/27/12,8.9
7/28/12,8.9
7/29/12,8.7
7/30/12,9.1
7/31/12,9.4
8/1/12,9.6
8/2/12,10.5
8/3/12,11
8/4/12,11
8/5/12,10.9
8/6/12,10.9
8/7/12,11.1
8/8/12,11.1
8/9/12,11.1
8/10/12,11.4
8/11/12,11.5
8/12/12,11.6
8/13/12,12
8/14/12,12.2
8/15/12,13.3
8/16/12,13.5
8/17/12,11.6
8/18/12,11.6
8/19/12,8
8/20/12,10.1
8/21/12,9.9
8/22/12,9.8
8/23/12,10.1
8/24/12,10.6
8/25/12,10.5
8/26/12,10.6
8/27/12,10.9
8/28/12,10.9
8/29/12,10.9
8/30/12,10.8
8/31/12,10.2
9/1/12,10
9/2/12,10.2
9/3/12,10.5
9/4/12,10.4
9/5/12,11
9/6/12,11.2
9/7/12,11
9/8/12,11
9/9/12,11
9/10/12,11.2
9/11/12,11.3
9/12/12,11.4
9/13/12,11.4
9/14/12,11.7
9/15/12,11.8
9/16/12,11.9
9/17/12,11.9
9/18/12,12.3
9/19/12,12.6
9/20/12,12.3
9/21/12,12.4
9/22/12,12.2
9/23/12,12.2
9/24/12,12.1
9/25/12,12.2
9/26/12,12.3
9/27/12,12.3
9/28/12,12.4
9/29/12,12.4
9/30/12,12.4
10/1/12,12.4
10/2/12,12.8
10/3/12,12.9
10/4/12,12.9
10/5/12,12.7
10/6/12,12.5
10/7/12,11.8
10/8/12,11.8
10/9/12,11.9
10/10/12,12.1
10/11/12,12
10/12/12,12
10/13/12,11.9
10/14/12,11.7
10/15/12,11.8
10/16/12,11.9
10/17/12,11.8
10/18/12,11.9
10/19/12,11.7
10/20/12,11.7
10/21/12,11.6
10/22/12,11.7
10/23/12,11.6
10/24/12,11.6
10/25/12,10.9
10/26/12,10.2
10/27/12,10.3
10/28/12,10.7
10/29/12,10.6
10/30/12,10.9
10/31/12,11.2
11/1/12,10.6
11/2/12,10.5
11/3/12,10.6
11/4/12,10.8
11/5/12,10.8
11/6/12,10.9
11/7/12,10.9
11/8/12,10.9
11/9/12,10.8
11/10/12,10.9
11/11/12,10.9
11/12/12,11
11/13/12,10.9
11/14/12,10.9
11/15/12,11.2
11/16/12,11.8
11/17/12,11.8
11/18/12,11.6
11/19/12,11.8
11/20/12,11.7
11/21/12,11.8
11/22/12,12.4
11/23/12,12.4
11/24/12,12.4
11/25/12,12.5
11/26/12,12.3
11/27/12,12.2
11/28/12,12.4
11/29/12,12.4
11/30/12,12.6
12/1/12,12.6
12/2/12,12.5
12/3/12,12.7
12/4/12,13.4
12/5/12,13.4
12/6/12,13.3
12/7/12,13.5
12/8/12,13.4
12/9/12,13.4
12/10/12,13.4
12/11/12,13.6
12/12/12,13.7
12/13/12,13.7
12/14/12,13.6
12/15/12,13.5
12/16/12,13.3
12/17/12,13.3
12/18/12,13.3
12/19/12,13.6
12/20/12,13.5
12/21/12,13.5
12/22/12,13.4
12/23/12,13.3
12/24/12,13.4
12/25/12,13.4
12/26/12,13.5
12/27/12,13.4
12/28/12,13.4
12/29/12,13.4
12/30/12,13.4
12/31/12,13.5
1/1/13,13.3
1/2/13,13.3
1/3/13,13.4
1/4/13,13.5
1/5/13,13.4
1/6/13,13.4
1/7/13,13.6
1/8/13,13.7
1/9/13,13.8
1/10/13,14.1
1/11/13,14.1
1/12/13,14.2
1/13/13,14.1
1/14/13,14.3
1/15/13,14.3
1/16/13,14.7
1/17/13,15.5
1/18/13,15.7
1/19/13,15.6
1/20/13,15.7
1/21/13,16.8
1/22/13,17.3
1/23/13,17.5
1/24/13,16.9
1/25/13,17.4
1/26/13,17.9
1/27/13,17.8
1/28/13,18.7
1/29/13,19.5
1/30/13,19.7
1/31/13,20.4
2/1/13,20.5
2/2/13,19.6
2/3/13,20.6
2/4/13,20.4
2/5/13,20.6
2/6/13,21.2
2/7/13,22.1
2/8/13,22.7
2/9/13,23.6
2/10/13,24
2/11/13,24.6
2/12/13,25.2
2/13/13,24.2
2/14/13,27.2
2/15/13,27.1
2/16/13,27.2
2/17/13,26.8
2/18/13,27
2/19/13,29.4
2/20/13,29.6
2/21/13,29.8
2/22/13,30.3
2/23/13,29.8
2/24/13,29.9
2/25/13,30.4
2/26/13,31.1
2/27/13,30.9
2/28/13,33.4
3/1/13,34.5
3/2/13,34.3
3/3/13,34.5
3/4/13,36.2
3/5/13,40.3
3/6/13,41
3/7/13,42
3/8/13,44.2
3/9/13,46.8
3/10/13,46
3/11/13,48.4
3/12/13,44.3
3/13/13,46.9
3/14/13,47.2
3/15/13,47
3/16/13,47
3/17/13,47.4
3/18/13,51.6
3/19/13,59.1
3/20/13,64.5
3/21/13,70.8
3/22/13,69.9
3/23/13,64.3
3/24/13,71.5
3/25/13,73.6
3/26/13,78.5
3/27/13,88.9
3/28/13,86.2
3/29/13,90.5
3/30/13,92.2
3/31/13,93
4/1/13,104
4/2/13,118
4/3/13,135
4/4/13,132.1
4/5/13,142.3
4/6/13,142.6
4/7/13,162.3
4/8/13,187.5
4/9/13,230
4/10/13,165
4/11/13,124.9
4/12/13,117
4/13/13,93
4/14/13,90
4/15/13,82.4
4/16/13,68.4
4/17/13,93.1
4/18/13,109
4/19/13,118.5
4/20/13,126.6
4/21/13,119.2
4/22/13,127.4
4/23/13,143.5
4/24/13,154.2
4/25/13,141.7
4/26/13,136.9
4/27/13,128
4/28/13,134.4
4/29/13,144
4/30/13,139.2
5/1/13,116.4
5/2/13,106.3
5/3/13,98.1
5/4/13,112.9
5/5/13,116
5/6/13,112.3
5/7/13,109.6
5/8/13,113.2
5/9/13,112.8
5/10/13,117.7
5/11/13,115.6
5/12/13,114.8
5/13/13,118
5/14/13,111.4
5/15/13,114.2
5/16/13,118.2
5/17/13,123.5
5/18/13,123.2
5/19/13,122.5
5/20/13,122
5/21/13,122.9
5/22/13,123.8
5/23/13,126.3
5/24/13,133.1
5/25/13,132
5/26/13,133.5
5/27/13,129.8
5/28/13,129
5/29/13,132.3
5/30/13,128.8
5/31/13,128.8
6/1/13,129.3
6/2/13,122.5
6/3/13,120.7
6/4/13,121.4
6/5/13,121.9
6/6/13,119
6/7/13,111
6/8/13,107.9
6/9/13,100.4
6/10/13,106.3
6/11/13,109
6/12/13,108.8
6/13/13,103.9
6/14/13,100
6/15/13,99.8
6/16/13,99.9
6/17/13,101.9
6/18/13,107.3
6/19/13,108.3
6/20/13,111.3
6/21/13,109.5
6/22/13,108.2
6/23/13,107.9
6/24/13,102.1
6/25/13,103.3
6/26/13,104
6/27/13,101.7
6/28/13,94.7
6/29/13,95
6/30/13,97.5
7/1/13,88.1
7/2/13,90.4
7/3/13,78.9
7/4/13,80
7/5/13,68.5
7/6/13,69.7
7/7/13,76.5
7/8/13,76
7/9/13,76.7
7/10/13,88
7/11/13,89
7/12/13,94
7/13/13,98.3
7/14/13,94.4
7/15/13,98.9
7/16/13,97.1
7/17/13,98.5
7/18/13,90.1
7/19/13,92
7/20/13,89.8
7/21/13,92
7/22/13,91.6
7/23/13,95.6
7/24/13,95.1
7/25/13,96.9
7/26/13,96
7/27/13,94.4
7/28/13,98.8
7/29/13,101.5
7/30/13,108
7/31/13,106.2
8/1/13,104
8/2/13,104.5
8/3/13,104.9
8/4/13,105.1
8/5/13,106.7
8/6/13,106.6
8/7/13,106
8/8/13,103.1
8/9/13,102.8
8/10/13,103
8/11/13,105
8/12/13,106.8
8/13/13,109.6
8/14/13,112.6
8/15/13,110
8/16/13,109
8/17/13,112.8
8/18/13,113.4
8/19/13,118.5
8/20/13,121.2
8/21/13,123.3
8/22/13,122
8/23/13,118.5
8/24/13,119.6
8/25/13,122.1
8/26/13,120.1
8/27/13,131.3
8/28/13,128.8
8/29/13,129.3
8/30/13,138
8/31/13,141
9/1/13,146
9/2/13,144
9/3/13,144
9/4/13,132.5
9/5/13,130.2
9/6/13,121.9
9/7/13,129
9/8/13,126.3
9/9/13,133.1
9/10/13,132.6
9/11/13,142.1
9/12/13,139.4
9/13/13,140.7
9/14/13,136.7
9/15/13,138.3
9/16/13,139.4
9/17/13,139.1
9/18/13,140.4
9/19/13,135.1
9/20/13,133.8
9/21/13,134.4
9/22/13,134
9/23/13,133.4
9/24/13,134.8
9/25/13,135
9/26/13,137.1
9/27/13,138.9
9/28/13,142.5
9/29/13,143.9
9/30/13,141.9
10/1/13,140.3
10/2/13,123
10/3/13,131
10/4/13,136.8
10/5/13,136.7
10/6/13,137.8
10/7/13,135.8
10/8/13,136.5
10/9/13,139.5
10/10/13,140.4
10/11/13,140.1
10/12/13,142.9
10/13/13,147.5
10/14/13,151.4
10/15/13,158.1
10/16/13,152.8
10/17/13,157.6
10/18/13,168.3
10/19/13,183.1
10/20/13,186.1
10/21/13,192.8
10/22/13,203
10/23/13,228
10/24/13,207
10/25/13,197.9
10/26/13,188.6
10/27/13,206.9
10/28/13,206.9
10/29/13,216
10/30/13,208
10/31/13,211.2
11/1/13,213.4
11/2/13,211.7
11/3/13,224
11/4/13,238.2
11/5/13,251.3
11/6/13,264.1
11/7/13,309.6
11/8/13,355
11/9/13,367.8
11/10/13,336.3
11/11/13,363
11/12/13,380
11/13/13,434.9
11/14/13,433.4
11/15/13,433.9
11/16/13,462
11/17/13,528.3
11/18/13,785.4
11/19/13,645.7
11/20/13,638
11/21/13,764.9
11/22/13,802
11/23/13,832.5
11/24/13,795
11/25/13,830
11/26/13,970
11/27/13,1079.9
11/28/13,1101.4
11/29/13,1206.9
11/30/13,1205.7
12/1/13,1004.4
12/2/13,1096.6
12/3/13,1154.9
12/4/13,1237.6
12/5/13,1106.3
12/6/13,845
12/7/13,697
12/8/13,804
12/9/13,919
12/10/13,1033.7
12/11/13,919.9
12/12/13,900
12/13/13,936.8
12/14/13,908.9
12/15/13,919.9
12/16/13,759.9
12/17/13,715
12/18/13,541
12/19/13,732
12/20/13,650
12/21/13,640.5
12/22/13,639.5
12/23/13,713.2
12/24/13,702.8
12/25/13,707.3
12/26/13,802
12/27/13,803
12/28/13,762
12/29/13,785
12/30/13,804.8
12/31/13,805.9
1/1/14,815.9
1/2/14,856.9
1/3/14,884.3
1/4/14,924.7
1/5/14,1014.7
1/6/14,1012.7
1/7/14,879.9
1/8/14,938.8
1/9/14,937
1/10/14,957.8
1/11/14,1005.3
1/12/14,939.8
1/13/14,922.9
1/14/14,919.3
1/15/14,941.2
1/16/14,913.5
1/17/14,894.2
1/18/14,905.7
1/19/14,954.8
1/20/14,956
1/21/14,962.2
1/22/14,951
1/23/14,944.2
1/24/14,916.5
1/25/14,961
1/26/14,1007
1/27/14,943.5
1/28/14,932.7
1/29/14,925.7
1/30/14,941.4
1/31/14,938.8
2/1/14,940.4
2/2/14,953.3
2/3/14,931.7
2/4/14,926.6
2/5/14,904.5
2/6/14,828.9
2/7/14,695.7
2/8/14,648.8
2/9/14,659.6
2/10/14,582.6
2/11/14,579
2/12/14,531.1
2/13/14,451.4
2/14/14,427.7
2/15/14,371.1
2/16/14,299.8
2/17/14,272.3
2/18/14,294
2/19/14,261.5
2/20/14,111.9
2/21/14,111.6
2/22/14,255.6
2/23/14,310.2
2/24/14,174
2/25/14,135.8
2/26/14,593.1
2/27/14,596.5
2/28/14,573.9
3/1/14,557.4
3/2/14,544.6
3/3/14,662.2
3/4/14,661.8
3/5/14,658.3
3/6/14,648.3
3/7/14,616.7
3/8/14,609.2
3/9/14,627
3/10/14,613
3/11/14,608.7
3/12/14,619.4
3/13/14,625
3/14/14,614
3/15/14,624
3/16/14,619.1
3/17/14,606.4
3/18/14,598.9
3/19/14,595
3/20/14,566
3/21/14,549.6
3/22/14,564.3
3/23/14,551.2
3/24/14,567.6
3/25/14,562.9
3/26/14,562.5
3/27/14,460.5
3/28/14,482.6
3/29/14,477.1
3/30/14,446.9
3/31/14,444.7
4/1/14,463.5
4/2/14,424.4
4/3/14,436.3
4/4/14,444.4
4/5/14,456.6
4/6/14,455.7
4/7/14,462.4
4/8/14,466.6
4/9/14,457.3
4/10/14,384.6
4/11/14,435.1
4/12/14,437.6
4/13/14,427.6
4/14/14,478.4
4/15/14,526.4
4/16/14,537
4/17/14,502
4/18/14,485.5
4/19/14,506
4/20/14,498.5
4/21/14,495.2
4/22/14,487.9
4/23/14,487.3
4/24/14,500.3
4/25/14,464.5
4/26/14,457.9
4/27/14,443.2
4/28/14,441.9
4/29/14,446.1
4/30/14,445.6
5/1/14,460.1
5/2/14,453.7
5/3/14,438.6
5/4/14,436
5/5/14,430.9
5/6/14,432.2
5/7/14,446.5
5/8/14,441.1
5/9/14,445.5
5/10/14,451.9
5/11/14,433.2
5/12/14,438.2
5/13/14,433.9
5/14/14,442.6
5/15/14,448.1
5/16/14,453.6
5/17/14,452.8
5/18/14,450.1
5/19/14,443.9
5/20/14,484.6
5/21/14,488.8
5/22/14,515.4
5/23/14,518.1
5/24/14,520.5
5/25/14,570.4
5/26/14,582
5/27/14,570.1
5/28/14,570.8
5/29/14,564.4
5/30/14,612.3
5/31/14,627.9
6/1/14,649.8
6/2/14,655.5
6/3/14,669.4
6/4/14,638.9
6/5/14,660.2
6/6/14,650.4
6/7/14,651.7
6/8/14,651
6/9/14,644.3
6/10/14,655.6
6/11/14,643
6/12/14,597.1
6/13/14,610.3
6/14/14,583.4
6/15/14,582.3
6/16/14,599.1
6/17/14,605.1
6/18/14,606.2
6/19/14,600.2
6/20/14,590.8
6/21/14,597
6/22/14,603.6
6/23/14,591.2
6/24/14,588.8
6/25/14,568.5
6/26/14,582.7
6/27/14,602.2
6/28/14,597.6
6/29/14,601.1
6/30/14,635.1
7/1/14,643.2
7/2/14,645.7
7/3/14,638
7/4/14,624
7/5/14,623
7/6/14,626.7
7/7/14,613.6
7/8/14,615.3
7/9/14,623
7/10/14,618.4
7/11/14,632.9
7/12/14,635.9
7/13/14,628
7/14/14,618.3
7/15/14,619.6
7/16/14,614.8
7/17/14,626.6
7/18/14,627.5
7/19/14,627
7/20/14,621
7/21/14,625.1
7/22/14,622.5
7/23/14,621.7
7/24/14,601.9
7/25/14,600.5
7/26/14,596
7/27/14,595
7/28/14,587.9
7/29/14,585.8
7/30/14,564.6
7/31/14,589.5
8/1/14,598.8
8/2/14,591.7
8/3/14,588.9
8/4/14,592.8
8/5/14,588.8
8/6/14,589.8
8/7/14,592.8
8/8/14,595.8
8/9/14,589.5
8/10/14,592.1
8/11/14,575.9
8/12/14,567.7
8/13/14,542.1
8/14/14,504.8
8/15/14,496.5
8/16/14,522
8/17/14,485.5
8/18/14,462.2
8/19/14,485.1
8/20/14,516.8
8/21/14,517.9
8/22/14,516.1
8/23/14,497.7
8/24/14,509.7
8/25/14,502.9
8/26/14,512.6
8/27/14,515.2
8/28/14,510.8
8/29/14,512.6
8/30/14,506
8/31/14,481.8
9/1/14,477.2
9/2/14,478.9
9/3/14,480
9/4/14,491
9/5/14,483.6
9/6/14,484.5
9/7/14,485.8
9/8/14,475.7
9/9/14,474.9
9/10/14,479.7
9/11/14,478.5
9/12/14,477.7
9/13/14,478.2
9/14/14,477.7
9/15/14,477.7
9/16/14,466.8
9/17/14,461.1
9/18/14,424.3
9/19/14,397.7
9/20/14,411.5
9/21/14,401.6
9/22/14,404.1
9/23/14,436.9
9/24/14,423.8
9/25/14,412.3
9/26/14,404.5
9/27/14,399
9/28/14,379.1
9/29/14,376.8
9/30/14,388.2
10/1/14,382.8
10/2/14,375.1
10/3/14,363.5
10/4/14,335.3
10/5/14,322.9
10/6/14,331.5
10/7/14,331.6
10/8/14,350.9
10/9/14,360.9
10/10/14,361.7
10/11/14,361.2
10/12/14,373.2
10/13/14,387.3
10/14/14,397.1
10/15/14,393.2
10/16/14,379.8
10/17/14,380.5
10/18/14,390.9
10/19/14,387.3
10/20/14,380.4
10/21/14,382.4
10/22/14,378.9
10/23/14,355.8
10/24/14,355.1
10/25/14,346.7
10/26/14,348.7
10/27/14,350.1
10/28/14,351.1
10/29/14,335.1
10/30/14,344.9
10/31/14,337.9
11/1/14,325.4
11/2/14,322.5
11/3/14,324.2
11/4/14,328
11/5/14,338
11/6/14,347.7
11/7/14,341.9
11/8/14,343.5
11/9/14,362
11/10/14,367.1
11/11/14,365.4
11/12/14,432
11/13/14,428.7
11/14/14,396.5
11/15/14,374.9
11/16/14,385.6
11/17/14,384.7
11/18/14,379.2
11/19/14,381.4
11/20/14,357.3
11/21/14,351.8
11/22/14,352
11/23/14,365.9
11/24/14,378.9
11/25/14,376.4
11/26/14,365.4
11/27/14,368.8
11/28/14,377.6
11/29/14,376.3
11/30/14,374.9
12/1/14,378.6
12/2/14,380.6
12/3/14,377
12/4/14,369.8
12/5/14,377.6
12/6/14,376.3
12/7/14,376.5
12/8/14,365
12/9/14,352.2
12/10/14,347.9
12/11/14,347.7
12/12/14,353.4
12/13/14,348.2
12/14/14,349.4
12/15/14,345.4
12/16/14,330.2
12/17/14,320
12/18/14,310.3
12/19/14,317.8
12/20/14,330.4
12/21/14,322.6
12/22/14,330.8
12/23/14,335.3
12/24/14,322.4
12/25/14,319
12/26/14,330
12/27/14,315.3
12/28/14,316.5
12/29/14,314.1
12/30/14,311.3
12/31/14,318.2
1/1/15,314.9
1/2/15,315.2
1/3/15,287.1
1/4/15,264.7
1/5/15,274.8
1/6/15,282.3
1/7/15,291.3
1/8/15,282.7
1/9/15,288
1/10/15,273.4
1/11/15,264.8
1/12/15,269.3
1/13/15,221.3
1/14/15,164.9
1/15/15,209.8
1/16/15,206.9
1/17/15,199.6
1/18/15,210.6
1/19/15,215.9
1/20/15,210.6
1/21/15,228.2
1/22/15,232.7
1/23/15,232.2
1/24/15,248.2
1/25/15,252.1
1/26/15,269.2
1/27/15,263.3
1/28/15,236.2
1/29/15,234
1/30/15,231.8
1/31/15,218.5
2/1/15,225.3
2/2/15,238.9
2/3/15,227.4
2/4/15,226.6
2/5/15,216.5
2/6/15,223
2/7/15,227.7
2/8/15,223.7
2/9/15,220.3
2/10/15,219.7
2/11/15,218.8
2/12/15,221.8
2/13/15,236.2
2/14/15,258.6
2/15/15,233.3
2/16/15,235.8
2/17/15,243.2
2/18/15,235.2
2/19/15,241.9
2/20/15,244.5
2/21/15,244.4
2/22/15,235.7
2/23/15,238.8
2/24/15,238.9
2/25/15,237.3
2/26/15,236.5
2/27/15,253.5
2/28/15,254.1
3/1/15,257.9
3/2/15,273.8
3/3/15,280.6
3/4/15,271.9
3/5/15,275.2
3/6/15,272.6
3/7/15,274.9
3/8/15,274.5
3/9/15,290
3/10/15,291.4
3/11/15,295.6
3/12/15,293.9
3/13/15,287.2
3/14/15,281.6
3/15/15,284.9
3/16/15,290.4
3/17/15,285.4
3/18/15,255.9
3/19/15,260.9
3/20/15,261.8
3/21/15,259.7
3/22/15,268.6
3/23/15,265.5
3/24/15,246.7
3/25/15,246.4
3/26/15,248
3/27/15,247.2
3/28/15,252
3/29/15,242.1
3/30/15,246.8
3/31/15,244.1
4/1/15,246.2
4/2/15,252.6
4/3/15,254.5
4/4/15,252.9
4/5/15,259.6
4/6/15,255
4/7/15,253
4/8/15,244.6
4/9/15,243.3
4/10/15,234.7
4/11/15,236.5
4/12/15,235.9
4/13/15,223.6
4/14/15,218
4/15/15,223
4/16/15,228
4/17/15,222.6
4/18/15,223.4
4/19/15,223
4/20/15,224.2
4/21/15,233.7
4/22/15,233.8
4/23/15,235.4
4/24/15,231.1
4/25/15,226.1
4/26/15,218.7
4/27/15,229
4/28/15,225.8
4/29/15,225.4
4/30/15,235.8
5/1/15,233.2
5/2/15,235.3
5/3/15,240
5/4/15,239
5/5/15,235.8
5/6/15,230
5/7/15,237.7
5/8/15,243.7
5/9/15,241.4
5/10/15,240
5/11/15,241.8
5/12/15,241.6
5/13/15,236.4
5/14/15,236.9
5/15/15,237.2
5/16/15,236.2
5/17/15,236.3
5/18/15,232.6
5/19/15,232
5/20/15,234
5/21/15,235.4
5/22/15,240.4
5/23/15,238.9
5/24/15,241
5/25/15,237.4
5/26/15,237.8
5/27/15,237.3
5/28/15,237.3
5/29/15,237
5/30/15,233.2
5/31/15,229.8
6/1/15,223.1
6/2/15,225.7
6/3/15,225.6
6/4/15,224.2
6/5/15,225.3
6/6/15,224.7
6/7/15,223.5
6/8/15,228.6
6/9/15,229.6
6/10/15,228.8
6/11/15,229.9
6/12/15,230.5
6/13/15,232.5
6/14/15,233.8
6/15/15,237
6/16/15,249.8
6/17/15,247.4
6/18/15,248.4
6/19/15,244.1
6/20/15,245
6/21/15,244.1
6/22/15,247.5
6/23/15,243.8
6/24/15,240.6
6/25/15,242.6
6/26/15,242.9
6/27/15,250.7
6/28/15,248.9
6/29/15,257
6/30/15,264.1
7/1/15,257.6
7/2/15,254.9
7/3/15,255.4
7/4/15,260.5
7/5/15,270.1
7/6/15,269.1
7/7/15,266.2
7/8/15,268.6
7/9/15,269.1
7/10/15,283.6
7/11/15,292
7/12/15,310.4
7/13/15,290.4
7/14/15,287
7/15/15,283.4
7/16/15,276.6
7/17/15,279.6
7/18/15,274
7/19/15,273.2
7/20/15,277.7
7/21/15,275.1
7/22/15,276.5
7/23/15,275.5
7/24/15,288.4
7/25/15,288.7
7/26/15,291.8
7/27/15,293
7/28/15,293.7
7/29/15,288.4
7/30/15,287
7/31/15,283.7
8/1/15,280.5
8/2/15,281.4
8/3/15,281.6
8/4/15,284.3
8/5/15,281.7
8/6/15,278
8/7/15,277.9
8/8/15,258.6
8/9/15,263.9
8/10/15,263.3
8/11/15,269
8/12/15,267.7
8/13/15,263.4
8/14/15,265
8/15/15,260.5
8/16/15,257.1
8/17/15,257.1
8/18/15,246.7
8/19/15,226
8/20/15,234.7
8/21/15,232.4
8/22/15,229.5
8/23/15,226.8
8/24/15,211.4
8/25/15,220.5
8/26/15,225
8/27/15,222.7
8/28/15,231.6
8/29/15,228.5
8/30/15,228.4
8/31/15,229.5
9/1/15,227.2
9/2/15,228.6
9/3/15,226.2
9/4/15,230.3
9/5/15,233.7
9/6/15,239.9
9/7/15,239.6
9/8/15,243.2
9/9/15,237.4
9/10/15,238.1
9/11/15,239.9
9/12/15,235.6
9/13/15,230.2
9/14/15,229.9
9/15/15,229.5
9/16/15,228.6
9/17/15,232.7
9/18/15,232.2
9/19/15,231.1
9/20/15,231.1
9/21/15,226.3
9/22/15,230
9/23/15,229.9
9/24/15,233.8
9/25/15,235
9/26/15,234.3
9/27/15,232.5
9/28/15,238.9
9/29/15,236.7
9/30/15,235.9
10/1/15,237.1
10/2/15,236.7
10/3/15,238.6
10/4/15,238.3
10/5/15,240.1
10/6/15,246.1
10/7/15,243
10/8/15,242.6
10/9/15,244
10/10/15,245.4
10/11/15,247.6
10/12/15,245.4
10/13/15,248.8
10/14/15,252.3
10/15/15,254.4
10/16/15,262.9
10/17/15,269.6
10/18/15,261.7
10/19/15,263.8
10/20/15,269.8
10/21/15,267.1
10/22/15,274.4
10/23/15,276.9
10/24/15,282.6
10/25/15,287.9
10/26/15,285.1
10/27/15,294.7
10/28/15,303.5
10/29/15,313.6
10/30/15,327.1
10/31/15,311.2
11/1/15,323
11/2/15,359.3
11/3/15,396.5
11/4/15,400.9
11/5/15,382.7
11/6/15,369.8
11/7/15,385.1
11/8/15,371.6
11/9/15,380.2
11/10/15,336.7
11/11/15,304.7
11/12/15,333.9
11/13/15,333.8
11/14/15,331.8
11/15/15,317.5
11/16/15,330.2
11/17/15,333.9
11/18/15,335.9
11/19/15,325
11/20/15,321.1
11/21/15,324.7
11/22/15,322.8
11/23/15,322.1
11/24/15,318.4
11/25/15,327.5
11/26/15,353.7
11/27/15,359.5
11/28/15,355.8
11/29/15,370.8
11/30/15,378
12/1/15,361.8
12/2/15,360
12/3/15,360.3
12/4/15,361.7
12/5/15,386.7
12/6/15,393.4
12/7/15,394.3
12/8/15,410.7
12/9/15,416
12/10/15,415.5
12/11/15,449.8
12/12/15,432.3
12/13/15,434.7
12/14/15,442
12/15/15,462.6
12/16/15,454
12/17/15,455.5
12/18/15,463.2
12/19/15,461.2
12/20/15,441.8
12/21/15,437.6
12/22/15,437
12/23/15,442.4
12/24/15,453
12/25/15,454
12/26/15,415.4
12/27/15,422.4
12/28/15,421.8
12/29/15,431.9
12/30/15,427.1
12/31/15,430
1/1/16,434
1/2/16,433.7
1/3/16,430.7
1/4/16,433.3
1/5/16,431.2
1/6/16,430.8
1/7/16,457
1/8/16,452.9
1/9/16,448.3
1/10/16,446.2
1/11/16,447.7
1/12/16,445
1/13/16,432.2
1/14/16,429.1
1/15/16,372.3
1/16/16,385
1/17/16,382.5
1/18/16,384.4
1/19/16,379.5
1/20/16,414.6
1/21/16,410.2
1/22/16,382.6
1/23/16,388.6
1/24/16,402.1
1/25/16,392.8
1/26/16,389.8
1/27/16,395
1/28/16,379.7
1/29/16,380.3
1/30/16,377.8
1/31/16,369.8
2/1/16,372.2
2/2/16,373.9
2/3/16,368
2/4/16,390.6
2/5/16,386.5
2/6/16,376.7
2/7/16,377.9
2/8/16,372.6
2/9/16,375.3
2/10/16,381.9
2/11/16,379.5
2/12/16,384
2/13/16,390.1
2/14/16,405.5
2/15/16,401.1
2/16/16,406.4
2/17/16,417.1
2/18/16,421.4
2/19/16,420
2/20/16,440.1
2/21/16,437.9
2/22/16,437.8
2/23/16,419.9
2/24/16,422.7
2/25/16,423.5
2/26/16,427.3
2/27/16,431.3
2/28/16,432.5
2/29/16,436.2
3/1/16,434
3/2/16,425.4
3/3/16,419.6
3/4/16,409.5
3/5/16,399
3/6/16,406
3/7/16,414.9
3/8/16,411.9
3/9/16,412.8
3/10/16,415.8
3/11/16,419.1
3/12/16,410.4
3/13/16,412.4
3/14/16,414.3
3/15/16,415.1
3/16/16,415.9
3/17/16,418.2
3/18/16,408.2
3/19/16,408.7
3/20/16,411.5
3/21/16,411.1
3/22/16,416.2
3/23/16,417
3/24/16,414.7
3/25/16,415.7
3/26/16,416.5
3/27/16,424.6
3/28/16,422.2
3/29/16,415
3/30/16,412.4
3/31/16,415.7
4/1/16,415.6
4/2/16,418.5
4/3/16,419.1
4/4/16,419.3
4/5/16,422.1
4/6/16,421.3
4/7/16,420.1
4/8/16,417.7
4/9/16,418
4/10/16,420.3
4/11/16,421.4
4/12/16,424.7
4/13/16,423.5
4/14/16,424
4/15/16,428.7
4/16/16,430
4/17/16,426.3
4/18/16,427.7
4/19/16,434.9
4/20/16,441.2
4/21/16,449.3
4/22/16,445.3
4/23/16,450.1
4/24/16,457.6
4/25/16,461.7
4/26/16,466
4/27/16,447
4/28/16,448.5
4/29/16,455
4/30/16,448.5
5/1/16,452.2
5/2/16,444.2
5/3/16,450.3
5/4/16,445.8
5/5/16,448.1
5/6/16,459.6
5/7/16,458.5
5/8/16,457.9
5/9/16,460.4
5/10/16,449.4
5/11/16,452.5
5/12/16,454.4
5/13/16,455.4
5/14/16,456.4
5/15/16,458.1
5/16/16,454.9
5/17/16,453.3
5/18/16,454.2
5/19/16,442.7
5/20/16,442.1
5/21/16,443.6
5/22/16,439.6
5/23/16,443.7
5/24/16,446.1
5/25/16,449.8
5/26/16,453.3
5/27/16,474
5/28/16,524.2
5/29/16,516
5/30/16,532.3
5/31/16,528.9
6/1/16,537.4
6/2/16,537.1
6/3/16,567
6/4/16,572
6/5/16,574.9
6/6/16,583.6
6/7/16,575.6
6/8/16,580.5
6/9/16,574.7
6/10/16,577.9
6/11/16,591.6
6/12/16,666.5
6/13/16,700.1
6/14/16,685.1
6/15/16,690.8
6/16/16,761.2
6/17/16,743.9
6/18/16,753.8
6/19/16,761
6/20/16,734
6/21/16,667.4
6/22/16,590.6
6/23/16,620.8
6/24/16,656.9
6/25/16,663.5
6/26/16,625.4
6/27/16,644.7
6/28/16,644.9
6/29/16,636.5
6/30/16,670
7/1/16,674.6
7/2/16,698.1
7/3/16,661.6
7/4/16,675.2
7/5/16,663.7
7/6/16,672.7
7/7/16,635.3
7/8/16,662.8
7/9/16,651.8
7/10/16,647.1
7/11/16,646.7
7/12/16,670.6
7/13/16,661.2
7/14/16,657.3
7/15/16,664.2
7/16/16,660.7
7/17/16,676.3
7/18/16,670.4
7/19/16,671.1
7/20/16,664.4
7/21/16,664.6
7/22/16,651.1
7/23/16,655.2
7/24/16,659.3
7/25/16,654
7/26/16,654.4
7/27/16,654.5
7/28/16,654.1
7/29/16,655.4
7/30/16,654.7
7/31/16,621.9
8/1/16,607
8/2/16,513.4
8/3/16,566.4
8/4/16,576.2
8/5/16,574.7
8/6/16,586.5
8/7/16,590.8
8/8/16,589.2
8/9/16,585.3
8/10/16,590.9
8/11/16,587.8
8/12/16,587.1
8/13/16,584.6
8/14/16,569.1
8/15/16,567
8/16/16,580.2
8/17/16,572.3
8/18/16,573.4
8/19/16,574.6
8/20/16,582.6
8/21/16,580.7
8/22/16,587.5
8/23/16,583.6
8/24/16,579.7
8/25/16,578
8/26/16,579.4
8/27/16,570.3
8/28/16,575
8/29/16,574.2
8/30/16,577.3
8/31/16,573.9
9/1/16,572
9/2/16,575.3
9/3/16,598.8
9/4/16,609.5
9/5/16,605.8
9/6/16,610.4
9/7/16,613.2
9/8/16,625.6
9/9/16,623.2
9/10/16,624.5
9/11/16,605.6
9/12/16,608
9/13/16,608.6
9/14/16,609.5
9/15/16,608.1
9/16/16,607.8
9/17/16,607.1
9/18/16,610.7
9/19/16,609.8
9/20/16,609.2
9/21/16,597.2
9/22/16,595.6
9/23/16,602.9
9/24/16,602.6
9/25/16,601.5
9/26/16,606.5
9/27/16,605.5
9/28/16,604.7
9/29/16,604.7
9/30/16,608.1
10/1/16,613.4
10/2/16,610.7
10/3/16,611.6
10/4/16,609
10/5/16,611.8
10/6/16,611
10/7/16,616
10/8/16,617.7
10/9/16,615.8
10/10/16,617.3
10/11/16,640.5
10/12/16,636
10/13/16,635.6
10/14/16,637.9
10/15/16,637
10/16/16,640.1
10/17/16,637.4
10/18/16,635.3
10/19/16,629.1
10/20/16,628.3
10/21/16,630.5
10/22/16,655.5
10/23/16,653
10/24/16,650.5
10/25/16,651
10/26/16,674.7
10/27/16,682.3
10/28/16,686.2
10/29/16,715
10/30/16,697.3
10/31/16,698.7
11/1/16,726.8
11/2/16,733.5
11/3/16,684.9
11/4/16,702.1
11/5/16,702.1
11/6/16,709.9
11/7/16,705.4
11/8/16,710.9
11/9/16,721.4
11/10/16,714.6
11/11/16,715
11/12/16,704.3
11/13/16,702
11/14/16,704.6
11/15/16,711.1
11/16/16,740.3
11/17/16,737.5
11/18/16,747
11/19/16,747.9
11/20/16,728.5
11/21/16,736.2
11/22/16,749.3
11/23/16,741.1
11/24/16,735.3
11/25/16,740.4
11/26/16,734.1
11/27/16,729.4
11/28/16,733.3
11/29/16,732.6
11/30/16,742.5
12/1/16,752.6
12/2/16,770.9
12/3/16,764.2
12/4/16,766.4
12/5/16,754.3
12/6/16,758.2
12/7/16,765.6
12/8/16,768.5
12/9/16,770.5
12/10/16,774
12/11/16,767.9
12/12/16,778.5
12/13/16,778.7
12/14/16,776.5
12/15/16,775.2
12/16/16,782
12/17/16,787.2
12/18/16,789
12/19/16,789.8
12/20/16,799.1
12/21/16,829.2
12/22/16,860.2
12/23/16,917.2
12/24/16,891.1
12/25/16,891.1
12/26/16,898.4
12/27/16,925.8
12/28/16,972.2
12/29/16,971.1
12/30/16,959
12/31/16,963.4
1/1/17,995.4
1/2/17,1017
1/3/17,1033.3
1/4/17,1135.4
1/5/17,989.3
1/6/17,886.2
1/7/17,888.9
1/8/17,900.9
1/9/17,899.8
1/10/17,904.4
1/11/17,785.4
1/12/17,810.1
1/13/17,824.8
1/14/17,819.6
1/15/17,821.2
1/16/17,827.3
1/17/17,899.7
1/18/17,872
1/19/17,895.2
1/20/17,892.9
1/21/17,919.8
1/22/17,918.8
1/23/17,921.5
1/24/17,893.8
1/25/17,894.4
1/26/17,915.6
1/27/17,918
1/28/17,918.5
1/29/17,914.5
1/30/17,920.7
1/31/17,965.5
2/1/17,982.4
2/2/17,1004
2/3/17,1013
2/4/17,1031.8
2/5/17,1016.1
2/6/17,1024.7
2/7/17,1049.6
2/8/17,1055.5
2/9/17,979
2/10/17,997.6
2/11/17,1008.3
2/12/17,996.5
2/13/17,995.4
2/14/17,1008.3
2/15/17,1008.2
2/16/17,1031.9
2/17/17,1049.4
2/18/17,1052.3
2/19/17,1048.9
2/20/17,1077.6
2/21/17,1119
2/22/17,1120.5
2/23/17,1171.9
2/24/17,1176.5
2/25/17,1149.1
2/26/17,1171.6
2/27/17,1188.8
2/28/17,1189.3
3/1/17,1222.7
3/2/17,1255.5
3/3/17,1283.3
3/4/17,1264.3
3/5/17,1271.2
3/6/17,1277
3/7/17,1232.7
3/8/17,1147
3/9/17,1191.3
3/10/17,1112.4
3/11/17,1179.2
3/12/17,1225.1
3/13/17,1238.2
3/14/17,1243.1
3/15/17,1253.4
3/16/17,1172.9
3/17/17,1071.7
3/18/17,971.4
3/19/17,1022.6
3/20/17,1047.5
3/21/17,1121.3
3/22/17,1044.7
3/23/17,1035
3/24/17,939.7
3/25/17,966.3
3/26/17,969.4
3/27/17,1045.1
3/28/17,1044.4
3/29/17,1041.9
3/30/17,1037.9
3/31/17,1079.1
4/1/17,1086.1
4/2/17,1097.4
4/3/17,1147.6
4/4/17,1141.8
4/5/17,1129.9
4/6/17,1188.7
4/7/17,1190.5
4/8/17,1180.8
4/9/17,1204.3
4/10/17,1206.7
4/11/17,1220.7
4/12/17,1212.5
4/13/17,1176.2
4/14/17,1177.3
4/15/17,1177
4/16/17,1176.8
4/17/17,1194
4/18/17,1206.1
4/19/17,1215.2
4/20/17,1238.1
4/21/17,1249.6
4/22/17,1240.9
4/23/17,1249.1
4/24/17,1248.2
4/25/17,1264.3
4/26/17,1286.6
4/27/17,1332.9
4/28/17,1329.6
4/29/17,1336.3
4/30/17,1351.9
5/1/17,1415.8
5/2/17,1445.9
5/3/17,1485.6
5/4/17,1516.8
5/5/17,1507.8
5/6/17,1545.3
5/7/17,1554.4
5/8/17,1664.5
5/9/17,1697.5
5/10/17,1752.3
5/11/17,1819.3
5/12/17,1686.4
5/13/17,1763.7
5/14/17,1772.6
5/15/17,1708.9
5/16/17,1729.3
5/17/17,1801.3
5/18/17,1881
5/19/17,1962
5/20/17,2040.2
5/21/17,2044.2
5/22/17,2124.4
5/23/17,2272.6
5/24/17,2445.3
5/25/17,2307.2
5/26/17,2244.9
5/27/17,2052.4
5/28/17,2189
5/29/17,2278.2
5/30/17,2192.6
5/31/17,2303.3
6/1/17,2412.6
6/2/17,2492.6
6/3/17,2545.4
6/4/17,2524.1
6/5/17,2705
6/6/17,2870.5
6/7/17,2691.5
6/8/17,2798.8
6/9/17,2811.4
6/10/17,2900.3
6/11/17,2973.4
6/12/17,2656.8
6/13/17,2713
6/14/17,2467.3
6/15/17,2442.5
6/16/17,2508.6
6/17/17,2655.1
6/18/17,2539.6
6/19/17,2616.8
6/20/17,2754.4
6/21/17,2677.6
6/22/17,2722.8
6/23/17,2710.4
6/24/17,2590.1
6/25/17,2541.6
6/26/17,2446.1
6/27/17,2583.8
6/28/17,2577.7
6/29/17,2558.4
6/30/17,2480.6
7/1/17,2424.6
7/2/17,2536.5
7/3/17,2572.5
7/4/17,2617.3
7/5/17,2627.9
7/6/17,2614.2
7/7/17,2513.9
7/8/17,2564.9
7/9/17,2511.4
7/10/17,2344
7/11/17,2324.3
7/12/17,2403.1
7/13/17,2362.4
7/14/17,2234.2
7/15/17,1975.1
7/16/17,1914.1
7/17/17,2233.4
7/18/17,2320.2
7/19/17,2282.6
7/20/17,2866
7/21/17,2675.1
7/22/17,2836.5
7/23/17,2756.6
7/24/17,2763.4
7/25/17,2582.6
7/26/17,2559.2
7/27/17,2691.9
7/28/17,2806.8
7/29/17,2733.5
7/30/17,2766.5
7/31/17,2883.3
8/1/17,2747
8/2/17,2720.5
8/3/17,2810
8/4/17,2878.5
8/5/17,3262.8
8/6/17,3232
8/7/17,3401.9
8/8/17,3429.4
8/9/17,3348.8
8/10/17,3425.7
8/11/17,3654.4
8/12/17,3871.6
8/13/17,4062.6
8/14/17,4327.9
8/15/17,4161.7
8/16/17,4387.4
8/17/17,4278.9
8/18/17,4105.4
8/19/17,4150.5
8/20/17,4066.6
8/21/17,4005.1
8/22/17,4089.7
8/23/17,4141.1
8/24/17,4318.4
8/25/17,4364.4
8/26/17,4352.3
8/27/17,4345.8
8/28/17,4390.3
8/29/17,4597.3
8/30/17,4583
8/31/17,4735.1
9/1/17,4921.9
9/2/17,4573.8
9/3/17,4612.9
9/4/17,4267.5
9/5/17,4409.1
9/6/17,4618.7
9/7/17,4635.6
9/8/17,4326.5
9/9/17,4335.1
9/10/17,4245.9
9/11/17,4217.9
9/12/17,4158.9
9/13/17,3870.3
9/14/17,3243.1
9/15/17,3713.8
9/16/17,3698.9
9/17/17,3689.6
9/18/17,4100.3
9/19/17,3908
9/20/17,3882.2
9/21/17,3617.3
9/22/17,3600.8
9/23/17,3788
9/24/17,3667.5
9/25/17,3932.8
9/26/17,3892.7
9/27/17,4212.2
9/28/17,4195.6
9/29/17,4172.8
9/30/17,4360.6
10/1/17,4403.1
10/2/17,4401.3
10/3/17,4314.2
10/4/17,4218.7
10/5/17,4321.4
10/6/17,4371.9
10/7/17,4435.8
10/8/17,4611.7
10/9/17,4777.5
10/10/17,4763.4
10/11/17,4824.2
10/12/17,5432.6
10/13/17,5637.3
10/14/17,5824.7
10/15/17,5688.1
10/16/17,5759.3
10/17/17,5598.6
10/18/17,5575.8
10/19/17,5698.6
10/20/17,5993.1
10/21/17,6006.6
10/22/17,5982.9
10/23/17,5903.6
10/24/17,5513.1
10/25/17,5734
10/26/17,5887.6
10/27/17,5764.6
10/28/17,5726.6
10/29/17,6147.5
10/30/17,6124.3
10/31/17,6451.2
11/1/17,6737.8
11/2/17,7024.8
11/3/17,7152.1
11/4/17,7363.8
11/5/17,7389.5
11/6/17,6959.2
11/7/17,7102.8
11/8/17,7444.4
11/9/17,7129.6
11/10/17,6565.8
11/11/17,6339.9
11/12/17,5878.1
11/13/17,6522.5
11/14/17,6597.1
11/15/17,7283.2
11/16/17,7853.7
11/17/17,7700
11/18/17,7780.9
11/19/17,8042.6
11/20/17,8244.7
11/21/17,8100
11/22/17,8234.5
11/23/17,8013.4
11/24/17,8200.8
11/25/17,8754.7
11/26/17,9318.4
11/27/17,9733.2
11/28/17,9906
11/29/17,9837.9
11/30/17,9946.8
12/1/17,10861.5
12/2/17,10912.7
12/3/17,11246.2
12/4/17,11623.9
12/5/17,11667.1
12/6/17,13749.6
12/7/17,16850.3
12/8/17,16047.6
12/9/17,14843.4
12/10/17,15059.6
12/11/17,16732.5
12/12/17,17083.9
12/13/17,16286.8
12/14/17,16467.9
12/15/17,17604.8
12/16/17,19345.5
12/17/17,19065.7
12/18/17,18972.3
12/19/17,17523.7
12/20/17,16462
12/21/17,15632.1
12/22/17,13665
12/23/17,14396.5
12/24/17,13790
12/25/17,13833.5
12/26/17,15756.6
12/27/17,15416.6
12/28/17,14398.7
12/29/17,14392.6
12/30/17,12531.5
12/31/17,13850.4
1/1/18,13444.9
1/2/18,14754.1
1/3/18,15156.6
1/4/18,15180.1
1/5/18,16954.8
1/6/18,17172.3
1/7/18,16228.2
1/8/18,14976.2
1/9/18,14778.5
1/10/18,15043
1/11/18,13535.4
1/12/18,13886.7
1/13/18,14292.2
1/14/18,13695.2
1/15/18,13697.5
1/16/18,11362
1/17/18,11192.3
1/18/18,11245.4
1/19/18,11580.2
1/20/18,12858.9
1/21/18,11594.9
1/22/18,10864.8
1/23/18,10903.2
1/24/18,11452.3
1/25/18,11203
1/26/18,11118.1
1/27/18,11467.5
1/28/18,11795.1
1/29/18,11244.8
1/30/18,10166
1/31/18,10265.4
2/1/18,9181.1
2/2/18,8893.2
2/3/18,9241.1
2/4/18,8222.2
2/5/18,6938.5
2/6/18,7701.2
2/7/18,7594.7
2/8/18,8164.2
2/9/18,8699.8
2/10/18,8559.6
2/11/18,8081.9
2/12/18,8903.5
2/13/18,8539.2
2/14/18,9476.3
2/15/18,10037.3
2/16/18,10178.7
2/17/18,11073.5
2/18/18,10398.8
2/19/18,11169.4
2/20/18,11238.7
2/21/18,10473
2/22/18,9841.7
2/23/18,10170.4
2/24/18,9704.3
2/25/18,9585.2
2/26/18,10285.1
2/27/18,10594.4
2/28/18,10333.9
3/1/18,10904.5
3/2/18,10827.7
3/3/18,11402.3
3/4/18,11416.5
3/5/18,11330.6
3/6/18,10675.1
3/7/18,9902.9
3/8/18,9300
3/9/18,9217
3/10/18,8762
3/11/18,9529.6
3/12/18,9137.4
3/13/18,9154.9
3/14/18,8210.6
3/15/18,8264.4
3/16/18,8289.2
3/17/18,7874.9
3/18/18,8201.2
3/19/18,8616.8
3/20/18,8912.6
3/21/18,8905.9
3/22/18,8726.2
3/23/18,8916.8
3/24/18,8547.4
3/25/18,8473.2
3/26/18,8143.5
3/27/18,7801.7
3/28/18,7954.9
3/29/18,7129.2
3/30/18,6853.7
3/31/18,6938.2
4/1/18,6825.2
4/2/18,7068.4
4/3/18,7424.2
4/4/18,6808.9
4/5/18,6782
4/6/18,6624.3
4/7/18,6905.7
4/8/18,7030.5
4/9/18,6781.9
4/10/18,6854.8
4/11/18,6962.1
4/12/18,7926.6
4/13/18,7887.4
4/14/18,8004.4
4/15/18,8363.6
4/16/18,8070
4/17/18,7908.6
4/18/18,8178.4
4/19/18,8290.8
4/20/18,8867
4/21/18,8923.1
4/22/18,8806.7
4/23/18,8952.8
4/24/18,9645.3
4/25/18,8873.1
4/26/18,9287
4/27/18,8940.9
4/28/18,9352.4
4/29/18,9415.1
4/30/18,9245.1
5/1/18,9074.9
5/2/18,9243.2
5/3/18,9749.7
5/4/18,9708.6
5/5/18,9853.5
5/6/18,9656.4
5/7/18,9431.6
5/8/18,9196.4
5/9/18,9319.1
5/10/18,9025.7
5/11/18,8408.3
5/12/18,8459.5
5/13/18,8693.5
5/14/18,8674.1
5/15/18,8477
5/16/18,8344.4
5/17/18,8063
5/18/18,8245.7
5/19/18,8245.1
5/20/18,8529
5/21/18,8403.3
5/22/18,8006
5/23/18,7512.3
5/24/18,7592.9
5/25/18,7477.7
5/26/18,7361.3
5/27/18,7366.7
5/28/18,7119.3
5/29/18,7467.7
5/30/18,7400.1
5/31/18,7502.6
6/1/18,7530.8
6/2/18,7646.6
6/3/18,7729.3
6/4/18,7504.3
6/5/18,7631.5
6/6/18,7661
6/7/18,7697.8
6/8/18,7622.1
6/9/18,7515.8
6/10/18,6775.1
6/11/18,6885.9
6/12/18,6558.2
6/13/18,6312.3
6/14/18,6647.1
6/15/18,6410.3
6/16/18,6505.8
6/17/18,6460.3
6/18/18,6719.8
6/19/18,6752.4
6/20/18,6765.4
6/21/18,6728
6/22/18,6055.7
6/23/18,6167.3
6/24/18,6154.6
6/25/18,6256.6
6/26/18,6082.1
6/27/18,6154.9
6/28/18,5883.5
6/29/18,6213.3
6/30/18,6398.9
7/1/18,6366.8
7/2/18,6619.5
7/3/18,6513.5
7/4/18,6598.4
7/5/18,6546.5
7/6/18,6617.7
7/7/18,6765.5
7/8/18,6714.8
7/9/18,6667.1
7/10/18,6307.2
7/11/18,6389.1
7/12/18,6250.6
7/13/18,6230.2
7/14/18,6254.8
7/15/18,6362.9
7/16/18,6729.9
7/17/18,7322
7/18/18,7383.6
7/19/18,7477.5
7/20/18,7339.4
7/21/18,7408.7
7/22/18,7412.3
7/23/18,7723
7/24/18,8407
7/25/18,8173.7
7/26/18,7937
7/27/18,8187.4
7/28/18,8234.1
7/29/18,8215.6
7/30/18,8177.1
7/31/18,7729.4
8/1/18,7606.4
8/2/18,7535.6
8/3/18,7419
8/4/18,7014.3
8/5/18,7027.1
8/6/18,6943.6
8/7/18,6724.9
8/8/18,6283.6
8/9/18,6538.8
8/10/18,6152.3
8/11/18,6231.6
8/12/18,6313
8/13/18,6255.3
8/14/18,6190.2
8/15/18,6256.9
8/16/18,6306.7
8/17/18,6581.7
8/18/18,6379.1
8/19/18,6481.5
8/20/18,6268.1
8/21/18,6482.2
8/22/18,6359.6
8/23/18,6521.2
8/24/18,6680.4
8/25/18,6734.8
8/26/18,6712.7
8/27/18,6897.6
8/28/18,7074.6
8/29/18,7029.1
8/30/18,6993.7
8/31/18,7033.8
9/1/18,7189.6
9/2/18,7293.9
9/3/18,7264.2
9/4/18,7377.5
9/5/18,6706.8
9/6/18,6514
9/7/18,6390.9
9/8/18,6184.3
9/9/18,6238.5
9/10/18,6321
9/11/18,6293.9
9/12/18,6338
9/13/18,6482.9
9/14/18,6483.7
9/15/18,6519
9/16/18,6500.2
9/17/18,6251.9
9/18/18,6342
9/19/18,6390.4
9/20/18,6489.2
9/21/18,6766.7
9/22/18,6729.6
9/23/18,6704.1
9/24/18,6584.1
9/25/18,6445.1
9/26/18,6468.1
9/27/18,6689.2
9/28/18,6636
9/29/18,6603.9
9/30/18,6635.2
10/1/18,6608.2
10/2/18,6549.9
10/3/18,6507.8
10/4/18,6584.2
10/5/18,6639.1
10/6/18,6596.3
10/7/18,6611
10/8/18,6669.6
10/9/18,6650.8
10/10/18,6618
10/11/18,6239.1
10/12/18,6291.3
10/13/18,6321.7
10/14/18,6326.8
10/15/18,6699.8
10/16/18,6705.3
10/17/18,6686.6
10/18/18,6574.1
10/19/18,6512
10/20/18,6572.2
10/21/18,6583
10/22/18,6555.8
10/23/18,6528.7
10/24/18,6530.7
10/25/18,6507
10/26/18,6510
10/27/18,6494.2
10/28/18,6486.1
10/29/18,6335
10/30/18,6325.7
10/31/18,6365.9
11/1/18,6400.5
11/2/18,6424.7
11/3/18,6386.2
11/4/18,6478.2
11/5/18,6459.7
11/6/18,6502.8
11/7/18,6565.3
11/8/18,6474
11/9/18,6412
11/10/18,6427.1
11/11/18,6446.1
11/12/18,6435
11/13/18,6429.2
11/14/18,5842.4
11/15/18,5718.9
11/16/18,5636.2
11/17/18,5621.8
11/18/18,5658.3
11/19/18,4883.8
11/20/18,4524.6
11/21/18,4638.7
11/22/18,4356
11/23/18,4398
11/24/18,3920.4
11/25/18,4062.2
11/26/18,3837
11/27/18,3866.5
11/28/18,4265.4
11/29/18,4296.5
11/30/18,4039.7
12/1/18,4196.2
12/2/18,4160.4
12/3/18,3897.8
12/4/18,3958.5
12/5/18,3771.6
12/6/18,3508.6
12/7/18,3422.2
12/8/18,3430.4
12/9/18,3567.5
12/10/18,3460.5
12/11/18,3407.7
12/12/18,3466.1
12/13/18,3315.3
12/14/18,3247.8
12/15/18,3228.7
12/16/18,3247.9
12/17/18,3526.1
12/18/18,3668
12/19/18,3687.1
12/20/18,4076
12/21/18,3850.9
12/22/18,3964.4
12/23/18,3944.4
12/24/18,4026.1
12/25/18,3762.5
12/26/18,3793.7
12/27/18,3586.9
12/28/18,3861.6
12/29/18,3706.8
12/30/18,3815
12/31/18,3709.4
1/1/19,3809.4
1/2/19,3873.8
1/3/19,3780.1
1/4/19,3802.7
1/5/19,3785.4
1/6/19,4004.1
1/7/19,3985.9
1/8/19,3971
1/9/19,3978
1/10/19,3603.7
1/11/19,3616.5
1/12/19,3597.2
1/13/19,3490.2
1/14/19,3638.1
1/15/19,3571.3
1/16/19,3588
1/17/19,3626.4
1/18/19,3605.6
1/19/19,3677.8
1/20/19,3542.3
1/21/19,3536.7
1/22/19,3580.1
1/23/19,3561.5
1/24/19,3574.3
1/25/19,3572
1/26/19,3570.9
1/27/19,3555.6
1/28/19,3442.8
1/29/19,3414.8
1/30/19,3460
1/31/19,3437.2
2/1/19,3467.9
2/2/19,3502.5
2/3/19,3459.1
2/4/19,3462.8
2/5/19,3468.4
2/6/19,3404.3
2/7/19,3397.7
2/8/19,3661.7
2/9/19,3661.4
2/10/19,3679
2/11/19,3631.8
2/12/19,3632
2/13/19,3611.5
2/14/19,3592.6
2/15/19,3604.7
2/16/19,3616.8
2/17/19,3664.2
2/18/19,3896
2/19/19,3914.3
2/20/19,3972.4
2/21/19,3936.6
2/22/19,3965.2
2/23/19,4120.4
2/24/19,3755.2
2/25/19,3833.7
2/26/19,3810.3
2/27/19,3814.6
2/28/19,3816.6
3/1/19,3821.9
3/2/19,3823.1
3/3/19,3809.5
3/4/19,3715.9
3/5/19,3857.2
3/6/19,3863
3/7/19,3875.1
3/8/19,3865.9
3/9/19,3944.3
3/10/19,3915.2
3/11/19,3870.3
3/12/19,3886
3/13/19,3865.1
3/14/19,3879
3/15/19,3924.3
3/16/19,4006.4
3/17/19,3981.5
3/18/19,3990.2
3/19/19,4017
3/20/19,4041.2
3/21/19,3982.2
3/22/19,3990.4
3/23/19,4002.5
3/24/19,3994.7
3/25/19,3937
3/26/19,3942.8
3/27/19,4041.7
3/28/19,4025.6
3/29/19,4102.2
3/30/19,4111.8
3/31/19,4102.3
4/1/19,4145.1
4/2/19,4859.3
4/3/19,4968.7
4/4/19,4902.4
4/5/19,5010.2
4/6/19,5046.2
4/7/19,5173.6
4/8/19,5245.2
4/9/19,5158.4
4/10/19,5307.8
4/11/19,5022.6
4/12/19,5054.2
4/13/19,5051.8
4/14/19,5134.8
4/15/19,5032.3
4/16/19,5180.9
4/17/19,5208.3
4/18/19,5264.7
4/19/19,5241
4/20/19,5290.2
4/21/19,5243.5
4/22/19,5346.7
4/23/19,5511.6
4/24/19,5415.6
4/25/19,5209.1
4/26/19,5298.3
4/27/19,5265.9
4/28/19,5302.3
4/29/19,5235
4/30/19,5320.8
5/1/19,5384.2
5/2/19,5493.8
5/3/19,5766.8
5/4/19,5830.9
5/5/19,5774.9
5/6/19,5745.1
5/7/19,5849.5
5/8/19,5990.3
5/9/19,6191.5
5/10/19,6386
5/11/19,7190.3
5/12/19,6984.8
5/13/19,7806
5/14/19,7994.6
5/15/19,8164.6
5/16/19,7871.8
5/17/19,7359.5
5/18/19,7262.6
5/19/19,8157.2
5/20/19,7965.3
5/21/19,7930.3
5/22/19,7635.7
5/23/19,7852.1
5/24/19,7970.1
5/25/19,8027.4
5/26/19,8630.2
5/27/19,8760.1
5/28/19,8716.3
5/29/19,8647.8
5/30/19,8271.9
5/31/19,8558.3
6/1/19,8545.7
6/2/19,8728.6
6/3/19,8124.8
6/4/19,7685.5
6/5/19,7779.1
6/6/19,7784.9
6/7/19,7985.2
6/8/19,7901.4
6/9/19,7635
6/10/19,7987.8
6/11/19,7888
6/12/19,8133.1
6/13/19,8219
6/14/19,8656.1
6/15/19,8812.5
6/16/19,8962.5
6/17/19,9318.8
6/18/19,9080.6
6/19/19,9255.4
6/20/19,9517
6/21/19,10179.3
6/22/19,10721.7
6/23/19,10897.1
6/24/19,11046.4
6/25/19,11809.9
6/26/19,13063.8
6/27/19,11287.8
6/28/19,12409.1
6/29/19,11906.5
6/30/19,10818.6
7/1/19,10616.6
7/2/19,10835.9
7/3/19,11900.8
7/4/19,11163.1
7/5/19,10970.2
7/6/19,11268
7/7/19,11415.9
7/8/19,12252.6
7/9/19,12541.5
7/10/19,12110.6
7/11/19,11342.3
7/12/19,11762.1
7/13/19,11364.9
7/14/19,10200.1
7/15/19,10845.9
7/16/19,9424.8
7/17/19,9723.2
7/18/19,10651.4
7/19/19,10571.5
7/20/19,10826.7
7/21/19,10714.4
7/22/19,10412.5
7/23/19,9888.7
7/24/19,9804.3
7/25/19,9945.3
7/26/19,9831
7/27/19,9492.1
7/28/19,9727.8
7/29/19,9580.9
7/30/19,9580.7
7/31/19,10082
8/1/19,10380
8/2/19,10520.1
8/3/19,10815.7
8/4/19,10934.6
8/5/19,11816.8
8/6/19,11480.9
8/7/19,12013.9
8/8/19,12191.6
8/9/19,12089.8
8/10/19,11314.5
8/11/19,11517.2
8/12/19,11394.2
8/13/19,10892.9
8/14/19,10049.4
8/15/19,10303.4
8/16/19,10335.6
8/17/19,10218.1
8/18/19,10312.7
8/19/19,10910.7
8/20/19,10752.6
8/21/19,10141.5
8/22/19,10105
8/23/19,10388.7
8/24/19,10131
8/25/19,10136.3
8/26/19,10371.8
8/27/19,10184.8
8/28/19,9729.4
8/29/19,9491
8/30/19,9585.4
8/31/19,9594.4
9/1/19,9729.3
9/2/19,10348.8
9/3/19,10612.3
9/4/19,10568.2
9/5/19,10566.9
9/6/19,10309.3
9/7/19,10461.1
9/8/19,10402.8
9/9/19,10309
9/10/19,10105.4
9/11/19,10162.5
9/12/19,10415.1
9/13/19,10342.1
9/14/19,10337.3
9/15/19,10311.5
9/16/19,10255.5
9/17/19,10195.7
9/18/19,10164.7
9/19/19,10250.5
9/20/19,10172.7
9/21/19,9993
9/22/19,10031.6
9/23/19,9702.2
9/24/19,8513.9
9/25/19,8432.4
9/26/19,8063.8
9/27/19,8184.9
9/28/19,8208.5
9/29/19,8049.1
9/30/19,8284.3
10/1/19,8302.7
10/2/19,8364.1
10/3/19,8226.9
10/4/19,8148.1
10/5/19,8127.3
10/6/19,7881.9
10/7/19,8198.6
10/8/19,8182.9
10/9/19,8566.7
10/10/19,8562.3
10/11/19,8267.8
10/12/19,8304.4
10/13/19,8281.5
10/14/19,8353.3
10/15/19,8167.2
10/16/19,8000.4
10/17/19,8073.3
10/18/19,7948.5
10/19/19,7957.3
10/20/19,8223.4
10/21/19,8208.2
10/22/19,8031.4
10/23/19,7477
10/24/19,7422.7
10/25/19,8658.3
10/26/19,9230.6
10/27/19,9529.6
10/28/19,9207.2
10/29/19,9411.3
10/30/19,9157.9
10/31/19,9152.6
11/1/19,9230.1
11/2/19,9300.6
11/3/19,9198.3
11/4/19,9396.4
11/5/19,9310.8
11/6/19,9338.9
11/7/19,9223.5
11/8/19,8778.2
11/9/19,8804.5
11/10/19,9036.8
11/11/19,8736.9
11/12/19,8812.6
11/13/19,8783.1
11/14/19,8661.2
11/15/19,8476.3
11/16/19,8497.3
11/17/19,8509.8
11/18/19,8208.4
11/19/19,8145.7
11/20/19,8099.3
11/21/19,7627.9
11/22/19,7272.5
11/23/19,7324.1
11/24/19,6924.7
11/25/19,7115.6
11/26/19,7162.8
11/27/19,7510.6
11/28/19,7426.7
11/29/19,7742.7
11/30/19,7546.6
12/1/19,7396.4
12/2/19,7298.2
12/3/19,7291.8
12/4/19,7204.4
12/5/19,7399.2
12/6/19,7530.8
12/7/19,7510.9
12/8/19,7524.4
12/9/19,7355.8
12/10/19,7235.7
12/11/19,7208
12/12/19,7208
12/13/19,7255.2
12/14/19,7080.8
12/15/19,7128.5
12/16/19,6903.5
12/17/19,6613.3
12/18/19,7276
12/19/19,7165.5
12/20/19,7196.4
12/21/19,7156.2
12/22/19,7495.8
12/23/19,7322.8
12/24/19,7268.3
12/25/19,7224.8
12/26/19,7210.9
12/27/19,7261.7
12/28/19,7321.5
12/29/19,7397.5
12/30/19,7261.8
12/31/19,7196.4
1/1/20,7199.8
1/2/20,6967
1/3/20,7343.1
1/4/20,7376.8
1/5/20,7372.5
1/6/20,7759.1
1/7/20,8155.7
1/8/20,8059.6
1/9/20,7842.4
1/10/20,8187.1
1/11/20,8024.1
1/12/20,8187.6
1/13/20,8111.4
1/14/20,8829.2
1/15/20,8818.3
1/16/20,8726.9
1/17/20,8913.1
1/18/20,8916.3
1/19/20,8706.2
1/20/20,8641.9
1/21/20,8732.6
1/22/20,8678.5
1/23/20,8405.1
1/24/20,8439.9
1/25/20,8341.6
1/26/20,8607.8
1/27/20,8866.6
1/28/20,9377.3
1/29/20,9298.9
1/30/20,9507.3
1/31/20,9349.1
2/1/20,9381.6
2/2/20,9334.9
2/3/20,9296.6
2/4/20,9193.9
2/5/20,9611.8
2/6/20,9772
2/7/20,9818.6
2/8/20,9895.5
2/9/20,10151.5
2/10/20,9854.1
2/11/20,10229.5
2/12/20,10317.7
2/13/20,10235.1
2/14/20,10333
2/15/20,9907.7
2/16/20,9932.3
2/17/20,9701.4
2/18/20,10158.4
2/19/20,9609.4
2/20/20,9602.4
2/21/20,9684.5
2/22/20,9655.7
2/23/20,9942.7
2/24/20,9662.7
2/25/20,9317.2
2/26/20,8800.3
2/27/20,8818.6
2/28/20,8697.5
2/29/20,8543.7
3/1/20,8540
3/2/20,8904.8
3/3/20,8761.4
3/4/20,8757.9
3/5/20,9060.3
3/6/20,9134.8
3/7/20,8887.8
3/8/20,8034.1
3/9/20,7933
3/10/20,7891.2
3/11/20,7935.1
3/12/20,4826
3/13/20,5584.3
3/14/20,5182.7
3/15/20,5366.3
3/16/20,5030
3/17/20,5261.1
3/18/20,5361.4
3/19/20,6172
3/20/20,6205.3
3/21/20,6186.2
3/22/20,5822.1
3/23/20,6468.9
3/24/20,6744.6
3/25/20,6678.9
3/26/20,6725.1
3/27/20,6373.4
3/28/20,6233.7
3/29/20,5890.4
3/30/20,6391
3/31/20,6412.5
4/1/20,6638.5
4/2/20,6800.5
4/3/20,6735.9
4/4/20,6857.4
4/5/20,6772.7
4/6/20,7332.3
4/7/20,7185.2
4/8/20,7361.2
4/9/20,7289
4/10/20,6863.1
4/11/20,6867.8
4/12/20,6917.6
4/13/20,6841.3
4/14/20,6850.9
4/15/20,6629.1
4/16/20,7085.6
4/17/20,7035.8
4/18/20,7230.8
4/19/20,7122.9
4/20/20,6833.5
4/21/20,6842.5
4/22/20,7112.9
4/23/20,7488.5
4/24/20,7503.8
4/25/20,7540.4
4/26/20,7678.9
4/27/20,7766
4/28/20,7746.9
4/29/20,8770.9
4/30/20,8629
5/1/20,8821.6
5/2/20,8966.3
5/3/20,8885.5
5/4/20,8874.7
5/5/20,9001
5/6/20,9151.4
5/7/20,9979.8
5/8/20,9806.2
5/9/20,9554.6
5/10/20,8738.8
5/11/20,8579.8
5/12/20,8813.8
5/13/20,9298.7
5/14/20,9778.4
5/15/20,9318
5/16/20,9379.5
5/17/20,9677.7
5/18/20,9730.7
5/19/20,9773.3
5/20/20,9512.3
5/21/20,9059
5/22/20,9169.7
5/23/20,9177
5/24/20,8728.2
5/25/20,8898.2
5/26/20,8842.5
5/27/20,9199.1
5/28/20,9572.2
5/29/20,9424.8
5/30/20,9692.5
5/31/20,9454.8
6/1/20,10189.3
6/2/20,9527.6
6/3/20,9667.2
6/4/20,9794.4
6/5/20,9631.2
6/6/20,9669.6
6/7/20,9742.6
6/8/20,9777.9
6/9/20,9768.8
6/10/20,9878.8
6/11/20,9283.2
6/12/20,9466.6
6/13/20,9471.3
6/14/20,9345.3
6/15/20,9425.4
6/16/20,9523.5
6/17/20,9464.6
6/18/20,9388.1
6/19/20,9314
6/20/20,9358.8
6/21/20,9296.4
6/22/20,9683.7
6/23/20,9624.6
6/24/20,9302
6/25/20,9247.5
6/26/20,9160
6/27/20,9008.3
6/28/20,9124
6/29/20,9185.4
6/30/20,9135.4
7/1/20,9229.9
7/2/20,9085.1
7/3/20,9067.1
7/4/20,9134.4
7/5/20,9081
7/6/20,9339
7/7/20,9256
7/8/20,9429.9
7/9/20,9235.7
7/10/20,9285.1
7/11/20,9233.3
7/12/20,9300.8
7/13/20,9243.6
7/14/20,9253.4
7/15/20,9198.7
7/16/20,9135.3
7/17/20,9155.8
7/18/20,9170.2
7/19/20,9208
7/20/20,9162.4
7/21/20,9387.3
7/22/20,9513.7
7/23/20,9599.6
7/24/20,9546.4
7/25/20,9704.1
7/26/20,9932.5
7/27/20,11022.8
7/28/20,10908.5
7/29/20,11105.9
7/30/20,11096.2
7/31/20,11333.4
8/1/20,11803.1
8/2/20,11066.8
8/3/20,11224.4
8/4/20,11184.7
8/5/20,11735.1
8/6/20,11757.1
8/7/20,11592
8/8/20,11764.3
8/9/20,11681.2
8/10/20,11889.2
8/11/20,11390.4
8/12/20,11557.2
8/13/20,11770.9
8/14/20,11750.8
8/15/20,11845.3
8/16/20,11899
8/17/20,12282.6
8/18/20,11947.6
8/19/20,11750.2
8/20/20,11856.9
8/21/20,11529.2
8/22/20,11661.3
8/23/20,11641.6
8/24/20,11753.5
8/25/20,11324.8
8/26/20,11462.3
8/27/20,11327.4
8/28/20,11527.4
8/29/20,11468.1
8/30/20,11702
8/31/20,11644.2
9/1/20,11914.9
9/2/20,11413.3
9/3/20,10168.8
9/4/20,10472.5
9/5/20,10092.2
9/6/20,10296.4
9/7/20,10376.9
9/8/20,10126.6
9/9/20,10224.6
9/10/20,10339.7
9/11/20,10390.2
9/12/20,10441.9
9/13/20,10326
9/14/20,10675.3
9/15/20,10785.3
9/16/20,10949.5
9/17/20,10941.3
9/18/20,10933
9/19/20,11081.8
9/20/20,10921.5
9/21/20,10416.8
9/22/20,10531.5
9/23/20,10237.3
9/24/20,10739.4
9/25/20,10688.8
9/26/20,10727.9
9/27/20,10776.2
9/28/20,10693.2
9/29/20,10840.9
9/30/20,10776.1
10/1/20,10620.5
10/2/20,10572.3
10/3/20,10544.2
10/4/20,10672.9
10/5/20,10789.5
10/6/20,10602.6
10/7/20,10670.9
10/8/20,10924.1
10/9/20,11054.2
10/10/20,11298.4
10/11/20,11371
10/12/20,11533.9
10/13/20,11423.8
10/14/20,11420.4
10/15/20,11503
10/16/20,11322
10/17/20,11362.1
10/18/20,11506.9
10/19/20,11753.4
10/20/20,11913.5
10/21/20,12808.7
10/22/20,12974.6
10/23/20,12934.1
10/24/20,13117.2
10/25/20,13032.2
10/26/20,13061.6
10/27/20,13657.8
10/28/20,13278.9
10/29/20,13457.2
10/30/20,13559.9
10/31/20,13797.3
11/1/20,13759.4
11/2/20,13561.4
11/3/20,14019.9
11/4/20,14145.6
11/5/20,15587.1
11/6/20,15577.9
11/7/20,14828.4
11/8/20,15483.7
11/9/20,15327.2
11/10/20,15303.6
11/11/20,15695.8
11/12/20,16294.7
11/13/20,16324.2
11/14/20,16071
11/15/20,15953
11/16/20,16715.8
11/17/20,17662.3
11/18/20,17774.6
11/19/20,17803.5
11/20/20,18675.2
11/21/20,18687.2
11/22/20,18412.9
11/23/20,18379.6
11/24/20,19152.6
11/25/20,18723
11/26/20,17162
11/27/20,17127.1
11/28/20,17730.7
11/29/20,18185.5
11/30/20,19698.1
12/1/20,18770.7
12/2/20,19218.8
12/3/20,19433.3
12/4/20,18658.1
12/5/20,19146.5
12/6/20,19379.9
12/7/20,19170.7
12/8/20,18326.6
12/9/20,18546
12/10/20,18247.2
12/11/20,18023.6
12/12/20,18808.9
12/13/20,19176.8
12/14/20,19273.8
12/15/20,19434.9
12/16/20,21352.2
12/17/20,22825.4
12/18/20,23127.9
12/19/20,23844
12/20/20,23474.9
12/21/20,22728.5
12/22/20,23823.2
12/23/20,23257.9
12/24/20,23736.5
12/25/20,24689.6
12/26/20,26454.4
12/27/20,26261.3
12/28/20,27057.8
12/29/20,27376
12/30/20,28868.7
12/31/20,28949.4
1/1/21,29359.9
1/2/21,32193.3
1/3/21,32958.9
1/4/21,32022.6
1/5/21,33991.5
1/6/21,36793.2
1/7/21,39460.2
1/8/21,40599.3
1/9/21,40151.9
1/10/21,38192.2
1/11/21,35544.3
1/12/21,34076.1
1/13/21,37382.2
1/14/21,39175.7
1/15/21,36845.8
1/16/21,36019.5
1/17/21,35839.6
1/18/21,36613.2
1/19/21,36002.9
1/20/21,35476.3
1/21/21,30842.1
1/22/21,33000.5
1/23/21,32088.9
1/24/21,32241.3
1/25/21,32252.3
1/26/21,32502.1
1/27/21,30404
1/28/21,33374.8
1/29/21,34301.8
1/30/21,34283.1
1/31/21,33108.1
2/1/21,33515.7
2/2/21,35485.2
2/3/21,37646.8
2/4/21,36982.1
2/5/21,38297.6
2/6/21,39256.6
2/7/21,38852.9
2/8/21,46395.7
2/9/21,46508.6
2/10/21,44836
2/11/21,47990.7
2/12/21,47371.7
2/13/21,47168.7
2/14/21,48643.4
2/15/21,47936.3
2/16/21,49169.7
2/17/21,52079.2
2/18/21,51582.2
2/19/21,55906.6
2/20/21,55923.7
2/21/21,57433.8
2/22/21,54111.8
2/23/21,48911.2
2/24/21,49697.5
2/25/21,46928.5
2/26/21,46345.6
2/27/21,46136.7
2/28/21,45164
3/1/21,49595.5
3/2/21,48424.2
3/3/21,50395.1
3/4/21,48428
3/5/21,48792.5
3/6/21,48855.6
3/7/21,50982.3
3/8/21,52311
3/9/21,54879
3/10/21,55851.9
3/11/21,57799.5
3/12/21,57265.1
3/13/21,61195.3
3/14/21,59113.7
3/15/21,55791.3
3/16/21,56889.7
3/17/21,58913.5
3/18/21,57656
3/19/21,58088
3/20/21,58093.4
3/21/21,57383.8
3/22/21,54158.3
3/23/21,54452.5
3/24/21,52325.4
3/25/21,51322.3
3/26/21,55036.1
3/27/21,55862.9
3/28/21,55765.2
3/29/21,57616.2
3/30/21,58771.3
3/31/21,58763.7
4/1/21,58718.3
4/2/21,58977.3
4/3/21,57059.9
4/4/21,58199.9
4/5/21,58993.4
4/6/21,57996.3
4/7/21,55948.7
4/8/21,58077.4
4/9/21,58118.7
4/10/21,59748.4
4/11/21,59978.7
4/12/21,59863.8
4/13/21,63540.9
4/14/21,62980.4
4/15/21,63216
4/16/21,61379.7
4/17/21,60041.9
4/18/21,56207.1
4/19/21,55646.1
4/20/21,56483.2
4/21/21,53820.2
4/22/21,51729.5
4/23/21,51143.6
4/24/21,50088.9
4/25/21,48963.6
4/26/21,54020.5
4/27/21,54824.7
4/28/21,53555.1
4/29/21,57750.2
4/30/21,57828.1
5/1/21,56631.1
5/2/21,57200.3
5/3/21,53333.5
5/4/21,57424
5/5/21,56396.5
5/6/21,57356.4
5/7/21,58803.8
5/8/21,58232.3
5/9/21,55859.8
5/10/21,56704.6
5/11/21,49150.5
5/12/21,49716.2
5/13/21,49880.5
5/14/21,46760.2
5/15/21,46456.1
5/16/21,43537.5
5/17/21,42909.4
5/18/21,37002.4
5/19/21,40782.7
5/20/21,37304.7
5/21/21,37536.6
5/22/21,34770.6
5/23/21,38706
5/24/21,38402.2
5/25/21,39294.2
5/26/21,38437
5/27/21,35697.6
5/28/21,34616.1
5/29/21,35678.1
5/30/21,37332.9
5/31/21,36684.9
6/1/21,37575.2
6/2/21,39208.8
6/3/21,36894.4
6/4/21,35552
6/5/21,35862.4
6/6/21,33560.7
6/7/21,33472.6
6/8/21,37345.1
6/9/21,36702.6
6/10/21,37334.4
6/11/21,35552.5
6/12/21,39097.9
6/13/21,40218.5
6/14/21,40406.3
6/15/21,38347.1
6/16/21,38053.5
6/17/21,35787.2
6/18/21,35615.9
6/19/21,35698.3
6/20/21,31676.7
6/21/21,32505.7
6/22/21,33723
6/23/21,34662.4
6/24/21,31637.8
6/25/21,32186.3
6/26/21,34649.6
6/27/21,34434.3
6/28/21,35867.8
6/29/21,35040.8
6/30/21,33572.1
7/1/21,33897
7/2/21,34668.5
7/3/21,35287.8
7/4/21,33746
7/5/21,34235.2
7/6/21,33855.3
7/7/21,32877.4
7/8/21,33798
7/9/21,33520.5
7/10/21,34240.2
7/11/21,33155.8
7/12/21,32702
7/13/21,32822.3
7/14/21,31780.7
7/15/21,31421.5
7/16/21,31533.1
7/17/21,31796.8
7/18/21,30817.8
7/19/21,29807.3
7/20/21,32110.7
7/21/21,32313.1
7/22/21,33581.6
7/23/21,34292.4
7/24/21,35350.2
7/25/21,37337.5
7/26/21,39406.9
7/27/21,39995.9
7/28/21,40008.4
7/29/21,42235.5
7/30/21,41626.2
7/31/21,39974.9
8/1/21,39201.9
8/2/21,38153
8/3/21,39747.5
8/4/21,40869.6
8/5/21,42816.5
8/6/21,44555.8
8/7/21,43798.1
8/8/21,46365.4
8/9/21,45585
8/10/21,45593.6
8/11/21,44428.3
8/12/21,47793.3
8/13/21,47096.9
8/14/21,47047
8/15/21,46004.5
8/16/21,44695.4
8/17/21,44801.2
8/18/21,46717.6
8/19/21,49339.2
8/20/21,48905.5
8/21/21,49321.7
8/22/21,49546.1
8/23/21,47706.1
8/24/21,48960.8
8/25/21,46942.2
8/26/21,49058.7
8/27/21,48902.4
8/28/21,48829.8
8/29/21,47055
8/30/21,47166.7
8/31/21,48847
9/1/21,49327.7
9/2/21,50025.4
9/3/21,49944.6
9/4/21,51753.4
9/5/21,52633.5
9/6/21,46811.1
9/7/21,46091.4
9/8/21,46391.4
9/9/21,44883.9
9/10/21,45201.5
9/11/21,46063.3
9/12/21,44963.1
9/13/21,47092.5
9/14/21,48176.3
9/15/21,47783.4
9/16/21,47267.5
9/17/21,48278.4
9/18/21,47260.2
9/19/21,42843.8
9/20/21,40693.7
9/21/21,43574.5
9/22/21,44895.1
9/23/21,42839.8
9/24/21,42716.6
9/25/21,43208.5
9/26/21,42235.7
9/27/21,41034.5
9/28/21,41564.4
9/29/21,43790.9
9/30/21,48116.9
10/1/21,47711.5
10/2/21,48200
10/3/21,49112.9
10/4/21,51514.8
10/5/21,55361.4
10/6/21,53806
10/7/21,53967.8
10/8/21,54968.2
10/9/21,54771.6
10/10/21,57484.8
10/11/21,56041.1
10/12/21,57401.1
10/13/21,57321.5
10/14/21,61593.9
10/15/21,60892.2
10/16/21,61553.6
10/17/21,62026.1
10/18/21,64262
10/21/21,65718.6